{
  "G_loss": [
    1.7668967472861634,
    1.8513404640377078,
    1.3754496104017622,
    0.9769736382356736,
    0.8315544323703842,
    0.756821542723566,
    0.8288230414573963,
    0.8487245048213209,
    0.8803718633461542,
    0.8480710849123463,
    0.8168868279015576,
    0.8088559470964632,
    0.7989040988462942,
    0.7780469693349638,
    0.763701181126456,
    0.7522025329095346,
    0.7464781033347475,
    0.7341817002690416,
    0.7259634970939397,
    0.7266714151768263,
    0.7216157006402301,
    0.716822356410176,
    0.7160133945296633,
    0.7130387557877435,
    0.7105916952475523,
    0.7108624302423917,
    0.7087405577004805,
    0.7067525938705161,
    0.7063428841085515,
    0.7042215062342478,
    0.7044857346434199,
    0.7030461649609427,
    0.7016080884512333,
    0.7004289260277381,
    0.7004362898334818,
    0.6991880935141843,
    0.6991046487096368,
    0.6993244550166986,
    0.698465597935212,
    0.6978554474322545,
    0.6965135254411616,
    0.6949920428444517,
    0.6961607924553743,
    0.6950415540964175,
    0.6949910394146911,
    0.6941486451021287,
    0.6952979189378244,
    0.6943195650720189,
    0.6936569261415052,
    0.694083879646073,
    0.6930203037044601,
    0.6929296460586396,
    0.6938428260661937,
    0.6928934991529524,
    0.6921227936051849,
    0.6925499539429646,
    0.6924310095629461,
    0.6926279319317592,
    0.692537638196918,
    0.6930309880493034,
    0.6928123031925951,
    0.6935472435761042,
    0.6911264895713567,
    0.6914105228549056,
    0.6933231007339608,
    0.6920686019451869,
    0.6922148011009238,
    0.6914291587310639,
    0.6929036385653026,
    0.690880268387645,
    0.6926762589022645,
    0.6932854297493938,
    0.6915888691220189,
    0.692730287371198,
    0.692931299705451,
    0.6911925449330583,
    0.6929701303484773,
    0.6917514546304686,
    0.6931112797511609,
    0.6929590832813513,
    0.6938784263412497,
    0.6914546394619847,
    0.692704715620079,
    0.6922720011822519,
    0.6925435351510333,
    0.6922230739199537,
    0.692810499430382,
    0.6936554803467884,
    0.691703150415013,
    0.6927954186061849,
    0.6924612337028199,
    0.693147844228989,
    0.692614704115778,
    0.6922065038287062,
    0.6927286941781003,
    0.6936450147221231,
    0.6926471365143431,
    0.6928157212048175,
    0.6927518557619166,
    0.6933072442003125
  ],
  "D_loss": [
    0.6570849631756459,
    0.41092102862151597,
    0.38315717795295934,
    0.3855799574118394,
    0.3743225810704408,
    0.39898845230751906,
    0.6490067263953706,
    0.8899542679983666,
    0.9865157605915668,
    0.9893065145891956,
    1.0418892180138504,
    1.0878275274551152,
    1.1142344816118224,
    1.152943329254107,
    1.1670789429944466,
    1.1824820826196263,
    1.1901389730621947,
    1.1971855078667317,
    1.2101382057890933,
    1.2179632842370927,
    1.2252145003729056,
    1.2335391859722953,
    1.2398522120934945,
    1.2476757544058341,
    1.2553923833064544,
    1.2593770597735021,
    1.2636728836939886,
    1.2667787295800668,
    1.2726268676611094,
    1.2727902509548046,
    1.2733270103095944,
    1.2775120996681713,
    1.2807004275145355,
    1.284002410380589,
    1.2882634577927765,
    1.2925485233296017,
    1.295166054342547,
    1.2986957863864736,
    1.298891658117289,
    1.3027266426983042,
    1.3048009536205194,
    1.3083949415092795,
    1.3100625826762273,
    1.314848987465231,
    1.3137935641144756,
    1.3205108859939794,
    1.3215222528517416,
    1.322806858948493,
    1.322054004737115,
    1.3243336314149732,
    1.3262816416232335,
    1.3277153170686162,
    1.3280303573336696,
    1.3296431041511036,
    1.3309091628446879,
    1.3326616569122358,
    1.3346649398151627,
    1.3322959666238552,
    1.3340078551545103,
    1.3317306510403626,
    1.3320772671631598,
    1.3317805063350927,
    1.3340558825734674,
    1.333675960190276,
    1.3338995553829052,
    1.3362203045108718,
    1.3349970619902651,
    1.3355725008537966,
    1.33359776602851,
    1.3329748421313077,
    1.3345254140022473,
    1.332483839784932,
    1.3341271242185195,
    1.3308506188569245,
    1.3319536002612862,
    1.334330789044372,
    1.3298234243338605,
    1.3308891940999914,
    1.3284386369237873,
    1.3304518162355123,
    1.3287700346732072,
    1.331057031949361,
    1.3293325048566205,
    1.329825143189172,
    1.3303951483506422,
    1.329471280432155,
    1.3272967195918417,
    1.325562694473484,
    1.3277023677472715,
    1.3245091027344054,
    1.329098415510607,
    1.3252515123780297,
    1.328931918511024,
    1.3251397076495353,
    1.3262608509797316,
    1.3240254217403227,
    1.3292249363032502,
    1.324800701222868,
    1.3229706277195206,
    1.3267666733163035
  ],
  "epochs": [
    1,
    2,
    3,
    4,
    5,
    6,
    7,
    8,
    9,
    10,
    11,
    12,
    13,
    14,
    15,
    16,
    17,
    18,
    19,
    20,
    21,
    22,
    23,
    24,
    25,
    26,
    27,
    28,
    29,
    30,
    31,
    32,
    33,
    34,
    35,
    36,
    37,
    38,
    39,
    40,
    41,
    42,
    43,
    44,
    45,
    46,
    47,
    48,
    49,
    50,
    51,
    52,
    53,
    54,
    55,
    56,
    57,
    58,
    59,
    60,
    61,
    62,
    63,
    64,
    65,
    66,
    67,
    68,
    69,
    70,
    71,
    72,
    73,
    74,
    75,
    76,
    77,
    78,
    79,
    80,
    81,
    82,
    83,
    84,
    85,
    86,
    87,
    88,
    89,
    90,
    91,
    92,
    93,
    94,
    95,
    96,
    97,
    98,
    99,
    100
  ]
}